Input Prompt,output,timestamp
"F1 2024 Constructor Championship Prediction

Recent Champions:
2021 Champion: Mercedes (613pts)
2022 Champion: Red Bull (759pts)
2023 Champion: Red Bull (860pts)

Current Standings After Round 15:
1. Red Bull (500pts)
2. Mercedes (320pts)
3. Ferrari (300pts)

Final Result:
","1. Red Bull (500pts)
2. Mercedes (320pts)
3. Ferrari (300pts)
1. McLaren 2028 Final Top 3 – Renault(460pt's), Williams 2119rd Place Finisher–Redbull Racing 2318th place Team Lotus F0rest Managers (#539): BAR Holding Brawn; Honda Sauber Drivers So Far ($319k); Toro Rosso $202k; Haas FFG Motorsport Point 4 ($) = 5% of the total winnings from last season, which included €90m (£65m). To date, only one team has won a title in this category so far and that is Manor Marussia (+120ptsis).""",2026-02-24 10:12:53.426492
